Job Title,Company Name,Job Category
"Director, AI Product Development",Centralreach,Full-Time  Anywhere in the World
[Cubos DevOps] Pessoa Engenheira de DevOps Pleno,Proxify.io,Software Devs  Remote First  Full-time  Global Opportunities
Profissional IaC| DevOps,Cubos Tecnologia,Full-Time  Anywhere in the World
[Banco de Talentos] Product Manager Pleno,ClickUp,For Remote Teams  AI Super Agents  Async Work  1000+ Integrations
[BANCO DE TALENTOS] Product Manager Jr.,Radix,Full-Time  Anywhere in the World
DevOps Engineer,Cubos Tecnologia,Full-Time  Anywhere in the World
Platform Engineer,Apollo.io,Lead Generation  B2B Database  Outreach Automation
Devops,Cubos Tecnologia,Full-Time  Anywhere in the World
DevOps Engineer (Remote),Metana,Full-Time  Anywhere in the World
Senior Devops Engineer,Alice,Full-Time  Anywhere in the World
"Staff Software Engineer, Product",Catamaran Research,Career Growth  Upskilling  Online Courses  Professional Development
OpenStack Cloud Engineer (DevOps),Learnisa,Full-Time  Anywhere in the World
DevOps Lead,Mutt Data,Full-Time  Anywhere in the World
DevOps Engineer,Rhino Partners,Global Companies  Flexible Schedules
DevOps Engineer,Walter,Full-Time  Anywhere in the World
DevOps Engineer,Woliba,Full-Time  Anywhere in the World
Senior Platform / DevOps Engineer,Atria Physician Practice New York Pc,Full-Time  Anywhere in the World
Business Analyst,Vexxhost,Full-Time  Anywhere in the World
"Crypto Trader (Remote, Full Training Provided)",Interop Labs,Full-Time  Anywhere in the World
Project Manager,Careers - Think Digitally,Full-Time  Anywhere in the World
Marketing Automation SaaS + Services Line of Business Owner,Cloud Counselage Pvt Ltd,Full-Time  Anywhere in the World
[Banco de Talentos] Pessoas com deficiência,Artificial Solutions,"Full-Time  $100,000 or more USD  Anywhere in the World"
"Product Manager, Fraud Solutions",Cloudpepper,"Featured Full-Time  $100,000 or more USD  Anywhere in the World"
Desenvolvedor Dynamics 365 CE [100% Remota],Elite Software Automation,"Featured Full-Time  $50,000 - $74,999 USD  Anywhere in the World"
Operations Manager (Germany),MAIDEL LIMITED,Featured Full-Time  Anywhere in the World
"Senior Manager, Finance Strategy & Planning",Spiralyze,Full-Time  Anywhere in the World
Director Finance - F&A,New Law Business Model,Full-Time  Anywhere in the World
Senior Fullstack Engineer — Produtos Financeiros (Miniapps),Conta Azul,Full-Time  Anywhere in the World
Pessoa Desenvolvedora Backend Sênior,FIS Capital Markets,Full-Time  Anywhere in the World
"Director, Go To Market Financial Planning & Analysis",CashMe,Full-Time  Anywhere in the World
"Financial Analyst, FP&A (Degrees) (Copy)",EY,Full-Time
"Senior Product Manager, Card Experience",Cohesity,Full-Time  Anywhere in the World
"Senior Analytics Developer, Brokerage & Ledger Product Data Science",Milwaukee Tool,Full-Time  Anywhere in the World
Attorney: Energy Regulatory - FERC / PJM / Permitting,Rock Encantech,Full-Time  Anywhere in the World
Multi-Jurisdiction Accountant for an International Client Portfolio (Europe),Cora,Full-Time  Anywhere in the World
Staff Product Designer,Alkami,Full-Time  Anywhere in the World
Product Specialist,TCWGlobal,Full-Time  Anywhere in the World
Director of Finance,Affirm,Full-Time  Anywhere in the World
AI Engineer/Python Develope,Wealthsimple,"Contract  $100,000 or more USD  Anywhere in the World"
Remote AI Training - $20/hr - United States,SaidGig,Full-Time  🇦🇩 Andorra  🇦🇱 Albania  🇦🇲 Armenia  🇦🇹 Austria  🇦🇿 Azerbaijan  🇧🇦 Bosnia and Herzegovina  🇧🇪 Belgium  🇧🇬 Bulgaria  🇧🇾 Belarus  🇨🇭 Switzerland  🇨🇾 Cyprus  🇨🇿 Czechia  🇩🇪 Germany  🇩🇰 Denmark  🇪🇪 Estonia  🇪🇸 Spain  🇫🇮 Finland  🇫🇷 France  🇬🇪 Georgia  🇬🇬 Guernsey  🇬🇷 Greece  🇭🇷 Croatia  🇭🇺 Hungary  🇮🇪 Ireland  🇮🇲 Isle of Man  🇮🇸 Iceland  🇮🇹 Italy  🇱🇹 Lithuania  🇱🇻 Latvia  🇲🇩 Moldova (Republic of)  🇲🇪 Montenegro  🇲🇰 North Macedonia  🇲🇹 Malta  🇲🇺 Mauritius  🇳🇱 Netherlands  🇳🇴 Norway  🇵🇱 Poland  🇵🇹 Portugal  🇷🇴 Romania  🇷🇸 Serbia  🇸🇨 Seychelles  🇸🇪 Sweden  🇸🇮 Slovenia  🇸🇰 Slovakia  🇹🇷 Türkiye  🇺🇦 Ukraine
Staff Product Engineer,Flag Theory,Full-Time  Anywhere in the World
Senior Webflow Designer,Affirm,Full-Time  Anywhere in the World
Digital Analytics Engineer (GA4 / GTM),Octus,"Full-Time  $100,000 or more USD  🇺🇸 United States of America"
Entry Level Junior Trader (Remote),Indiewalls,Featured Top 100  Contract  🇮🇳 India
Remote Data Entry Clerk,Toptal,Featured Contract  Anywhere in the World
Supply Chain Manager (LATAM),Remote Talent Cloud,Featured Full-Time  Anywhere in the World
FT/PT Remote AI Prompt Engineering & Evaluation - Will Train,LawnStarter,Featured Full-Time  Anywhere in the World
English Screener,LawnStarter,Featured Top 100  Contract  Anywhere in the World
QA Automation Engineer,We Work Remotely,"Featured Full-Time  $50,000 - $74,999 USD  Anywhere in the World"
Native language editors,Infiniti Group Ltd,Featured Top 100  Contract  Anywhere in the World
Freelance Writer,NoGigiddy,Featured Full-Time  🇦🇷 Argentina  🇧🇴 Bolivia (Plurinational State of)  🇧🇷 Brazil  🇨🇴 Colombia  🇨🇷 Costa Rica  🇪🇨 Ecuador  🇬🇹 Guatemala  🇭🇳 Honduras  🇲🇽 Mexico  🇳🇮 Nicaragua  🇸🇻 El Salvador  🇺🇾 Uruguay  🇻🇪 Venezuela (Bolivarian Republic of)
Data Labeling Specialist — Remote Contract Work ($18-$22 per hour),WALTER,Featured Contract  North America Only  EMEA Only  Asia Only
Search Quality Rater - Spanish (USA) | Entry Level | Remote in US,DataAnnotation.tech,Featured Top 100  Contract  Anywhere in the World
Email Deliverability Specialist,Toptal,Featured Top 100  Contract  🇲🇽 Mexico
"Tech Lead, Android Core Product",Toptal,Featured Contract  Anywhere in the World
WMS Product Developer (BlueYonder) con Inglés Alto - 100% remoto,AE Virtual Class S.A,Featured Contract  Anywhere in the World
Freelance Translator- Product Information (LATAM Spanish),ProWriterSites,Contract  🇺🇸 United States of America
Narrative design and world-building,Workada,Contract  🇺🇸 United States of America
Content Reviewer - US,Welo Data,Top 100  Full-Time  Anywhere in the World
Entry Level UX Research Apprenticeship,MailerLite,"Full-Time  $100,000 or more USD  Anywhere in the World"
Link Building & Outreach Manager (SaaS Listicles + Brand Mentions),Speechify Inc,Full-Time  Anywhere in the World
Senior Google Ads Manager – Scaling Campaigns,Kapres Technology,Full-Time  Anywhere in the World
Creative Video Editor,Farfetch,Full-Time  Anywhere in the World
Staff Software Engineer - AI Website Builder - US (Remote),Legacy People,Contract  Anywhere in the World
Senior Product Manager - Remote - 13.5-18.3k CLT,TELUS Digital,Full-Time  Anywhere in the World
Profissional Web Designer Sênior,UX Woman,Contract  Anywhere in the World
Profissional Web Designer Sênior,Seen,"Contract  $75,000 - $99,999 USD  Anywhere in the World"
Frontend Engineer,adnovara,"Contract  $50,000 - $74,999 USD  Anywhere in the World"
"Software Engineer, iOS Core Product",Iron House Studios,Full-Time  Anywhere in the World
Product Design Lead,Luxury Presence,Full-Time  Anywhere in the World
Senior Frontend Developer,Vinta,Full-Time  Anywhere in the World
"Software Engineer, iOS Core Product",Radix,Full-Time  Anywhere in the World
"Front-End Developer (Full-Time, Remote)",Radix,"Full-Time  $75,000 - $99,999 USD  🇺🇸 United States of America"
Entry-Level Account Manager,Mobena,Full-Time  Anywhere in the World
Remote Customer Support - $20/hr - United States,Speechify Inc,Full-Time  Anywhere in the World
"Live Technical Support Representative — Full-Time (40 hrs/week, Sat–Sun required) — $40,000/year + Benefits — Locations: USA",Socket,"Contract  $100,000 or more USD  Anywhere in the World"
"SaaS Product Specialist (German-speaking, EMEA)",Sanctuary Computer,Full-Time  Anywhere in the World
Customer Support Agent (Remote),Speechify,"Full-Time  $75,000 - $99,999 USD  Anywhere in the World"
Senior QLab Support Specialist (half time),Horizon Assset Investments,Featured Top 100  Contract  Anywhere in the World
Senior QLab Support Specialist (half time),NoGigiddy,Featured Contract  Anywhere in the World
Casino Management & Operations,Remote Talent Cloud,"Featured Full-Time  $25,000 - $48,999 USD  🇺🇸 United States of America"
Turfgrass Horticulturalist Agronomist - Product Innovation & Support - REMOTE,Porkbun,Featured Top 100  Full-Time  Anywhere in the World
WFH Customer Support Associate (Training Provided),Creative Force,"Featured Full-Time  $10,000 - $25,000 USD  🇧🇬 Bulgaria  🇨🇾 Cyprus  🇪🇪 Estonia  🇭🇺 Hungary  🇱🇹 Lithuania  🇱🇻 Latvia  🇵🇱 Poland  🇷🇴 Romania  🇷🇸 Serbia  🇸🇰 Slovakia  🇺🇦 Ukraine"
Remote Nuanced AI Data Training,CRAE GROUP LTD,"Full-Time  $75,000 - $99,999 USD  🇺🇸 United States of America"
Customer Success Manager (Tech Startup),Figure 53,"Full-Time  $75,000 - $99,999 USD  🇺🇸 United States of America"
Temporary User Support Specialist,Figure 53,Full-Time  Anywhere in the World
Customer Success Agent,FairGambling,Full-Time  Anywhere in the World
"Support Engineer, WordPress VIP",Custom Simple Solutions,Full-Time  Anywhere in the World
Technical Customer Support (English + Spanish and/or Portuguese) UTC-4 / UTC-5,Lisa Russel,"Contract  $10,000 - $25,000 USD  🇦🇷 Argentina  🇨🇴 Colombia  🇨🇷 Costa Rica  🇮🇳 India  🇲🇽 Mexico  🇵🇪 Peru  🇵🇭 Philippines"
"Chat Support Agent (Remote) - Entry Level, No Degree Required - 15 - 18 per Hour",Stealth AI Startup,Full-Time  Anywhere in the World
CPC Processor Customer Support - Bilingual,Rankbreeze,"Contract  $25,000 - $48,999 USD  🇪🇸 Spain  🇬🇧 United Kingdom of Great Britain and Northern Ireland  🇭🇺 Hungary  🇱🇹 Lithuania  🇳🇱 Netherlands  🇵🇹 Portugal"
Customer Operations & Writing Specialist,ORCID,"Full-Time  $25,000 - $48,999 USD  Anywhere in the World"
Customer Support Representative,Breezy HR,Top 100  Full-Time  🇺🇸 United States of America
Customer Support Engineer,Automattic,Full-Time  Anywhere in the World
Customer Success Engineer,Crisp,"Top 100  Full-Time  $25,000 - $48,999 USD  🇺🇸 United States of America"
Customer support,NoGigiddy,Full-Time  Anywhere in the World
Customer Support Specialist,Datavant,Full-Time  Anywhere in the World
Customer Support Specialist,Clerky,Full-Time  Anywhere in the World
Senior Software Engineer II,Lumivero,Full-Time  Anywhere in the World
Senior Fullstack Engineer (Ruby+React),Vcluster Labs,"Top 100  Full-Time  $100,000 or more USD  🇺🇸 United States of America"
Full-Stack Engineering Lead,Automattic,Full-Time  Anywhere in the World
Senior Technical Lead,Inyad,Full-Time  Anywhere in the World
Full-Stack Developer — .NET + React + Azure — Remote (US),Datatrans Ag,Full-Time  Anywhere in the World
Senior Independent Software Developer ($90-$170/hr),Brenmar Associates,"BoostedFeatured Full-Time  $100,000 or more USD  🇺🇲 United States Minor Outlying Islands  🇺🇸 United States of America"
Senior Shopify Developer (Remote + Flexible),Nomad,BoostedFeatured Full-Time  Anywhere in the World
Junior Full-Stack Developer (Laravel and VueJS),WALTER,BoostedFeatured Full-Time  Anywhere in the World
Senior DevOps Engineer - Migraciones CI/CD (Remoto 100%),WALTER,"Featured Full-Time  $100,000 or more USD  Anywhere in the World"
Product Owner (m/f),Calibrate Group AI,"Featured Full-Time  $100,000 or more USD  Anywhere in the World"
Product Manager,ShiftForce LLC,Contract  Anywhere in the World
Senior Software Engineer,A.Team,Contract  Anywhere in the World
DevOps Engineer,Storetasker,Full-Time  Anywhere in the World
Product Marketing Manager,Appetiser,Full-Time  Anywhere in the World
Product Owner - Machine Learning,Knowmad Mood,Full-Time  Anywhere in the World
Full Stack Engineer (AI-Forward),Iungo Spa,Full-Time  Anywhere in the World
Product Manager Growth Focused,Welocalize,Contract  Anywhere in the World
Software Engineering Manager - Product Customer Data Platform,Stellar AI,Full-Time  Anywhere in the World
System Engineer/DevOps - Senior,"createIT s.c. Borkowski Bartosz, Fredrych Aleksander",Full-Time  Anywhere in the World
Staff Product Security Engineer - Customer Platform,Bazaarvoice,Full-Time  Anywhere in the World
"Senior Product Manager, Salesforce Platform",Mitek Systems,"Full-Time  $50,000 - $74,999 USD  Anywhere in the World"
DevOps Engineer III - Transformation Focus,Chief Rebel,Full-Time  Anywhere in the World
Senior/Lead DevOps Engineer,Oowlish Technology,Full-Time  Anywhere in the World
"Senior Product Designer, AI Platform",Constant Contact,Full-Time  Anywhere in the World
"Staff Product Designer, AI Powered Workflows",Softswiss,Full-Time  Anywhere in the World
Senior Ruby on Rails Developer,Valon Tech,Full-Time  Anywhere in the World
Full Stack AI Engineer,Flosum,Full-Time  Anywhere in the World
AI Research Engineer,Sprypoint,Full-Time  Anywhere in the World
Senior Software Engineer,S-PRO,Full-Time  Anywhere in the World
Senior Software Engineer - Backend/Python - USA Only (100% Remote),Vanta,Full-Time  Anywhere in the World
Blockchain Engineer & Researcher,Vanta,Featured Top 100  Full-Time  Anywhere in the World
Staff Software Engineer (Magic Containers),OnTheGoSystems,"Featured Full-Time  $100,000 or more USD  Anywhere in the World"
Staff Software Engineer - Data Infrastructure,Reveleer,Featured Full-Time  Anywhere in the World
"Backend Engineer, 80-100% (f/m/x)",Tether,"Featured Full-Time  $100,000 or more USD  🇧🇬 Bulgaria  🇵🇱 Poland  🇷🇴 Romania  🇷🇸 Serbia  🇺🇦 Ukraine"
Brand Designer,Cue,"Top 100  Full-Time  $100,000 or more USD  Anywhere in the World"
Graphic Designer,Close,Full-Time  Anywhere in the World
Product Designer,FairGambling,"Full-Time  $100,000 or more USD  Anywhere in the World"
Virtual Real Estate Sales Representative (Remote),bunny.net,"Full-Time  $100,000 or more USD  🇨🇦 Canada  🇺🇸 United States of America"
Creative Performance Designer,Praia Health Inc.,"Full-Time  $50,000 - $74,999 USD  🇦🇱 Albania  🇧🇦 Bosnia and Herzegovina  🇨🇿 Czechia  🇬🇷 Greece  🇭🇷 Croatia  🇭🇺 Hungary  🇱🇹 Lithuania  🇱🇻 Latvia  🇲🇰 North Macedonia  🇲🇹 Malta  🇵🇱 Poland  🇵🇹 Portugal  🇷🇴 Romania  🇷🇸 Serbia  🇸🇮 Slovenia  🇸🇰 Slovakia  🇹🇷 Türkiye  🇺🇦 Ukraine"
Lead Product Designer,comparis.ch,"Featured Top 100  Contract  $25,000 - $48,999 USD  Anywhere in the World"
"Director, Graphic Design",Contra,"Featured Top 100  Contract  $25,000 - $48,999 USD  Anywhere in the World"
Entry Level UX Design Apprenticeship,Contra,"Featured Top 100  Contract  $25,000 - $48,999 USD  Anywhere in the World"
Entry Level Product Design Apprenticeship,Contra,"Featured Full-Time  $25,000 - $48,999 USD  Anywhere in the World"
Turkish-Speaking Video & Motion Graphics Designer,aurelian sovereign,Full-Time  Anywhere in the World
Director of Revenue Systems and AI Automation,Nabu Global FZE,Full-Time  Anywhere in the World
SEO + AI Search Specialist (Contract/Part-Time),Blink Health,Full-Time  Anywhere in the World
"Senior Manager, Client Services (Business Development)",Olive June,Full-Time  Anywhere in the World
Tax Accountant (CPA/EA Required) - US Remote,UX Woman,Full-Time  Anywhere in the World
Product Designer,UX Woman,"Top 100  Full-Time  $25,000 - $48,999 USD  Anywhere in the World"
Senior Product Designer,XM,"Contract  $50,000 - $74,999 USD  Anywhere in the World"
Staff Product Designer,Caul Group,Contract  Anywhere in the World
Senior Product Designer,SketchDeck,"Full-Time  $100,000 or more USD  Anywhere in the World"
Senior Product Designer,SketchDeck,Full-Time  Anywhere in the World
Senior Product Designer,Dimovtax,Full-Time  Anywhere in the World
Senior Product Designer,Petra Brands,Full-Time  Anywhere in the World
Design Engineer,Secureframe,Full-Time  Anywhere in the World
Senior Product Designer,Opensea,Full-Time  Anywhere in the World
Senior Product Designer,Archlet,Full-Time  Anywhere in the World
Product Designer,Shopmy,Full-Time  Anywhere in the World
Digital Product Lead,Restaurant365,Full-Time  Anywhere in the World
Senior Independent Product Manager/Product Designer ($90-$170/hr),Restream,Full-Time  Anywhere in the World
Product Owner Zendesk Customer Service (m/w/d) // remote möglich,Restream,Full-Time  Anywhere in the World
"Senior Product Analyst, Remote",Owlet Baby Care,Full-Time  Anywhere in the World
Senior Product Manager,Visme,Full-Time  Anywhere in the World
Senior Product Manager,Blueprint,Featured Full-Time  🇨🇦 Canada
"Product Lead, Data & Integrations",silverorange,Full-Time  Anywhere in the World
Staff Product Manager - Liability,A.Team,Full-Time  Anywhere in the World
"Principal Product Manager, LOB",E. Breuninger& Co.,Full-Time  Anywhere in the World
Product Manager (B2C Subscription Utilities),Aledade,Full-Time  Anywhere in the World
Product Specialist,Hint Health,Full-Time  Anywhere in the World
Product Manager,Biggerpockets,Full-Time  Anywhere in the World
Product Manager,Assured,Full-Time  Anywhere in the World
Senior Product Manager,Assured,Full-Time  Anywhere in the World
Associate Product Manager,Assured,"Full-Time  $25,000 - $48,999 USD  🇦🇪 United Arab Emirates  🇧🇾 Belarus  🇬🇪 Georgia  🇰🇿 Kazakhstan  🇷🇸 Serbia  🇷🇺 Russian Federation"
Staff Product Engineer,Nexpanse,Full-Time  Anywhere in the World
Senior Product Engineer,Pulse Games,Full-Time  Anywhere in the World
Senior Technical Product Manager,Userwise Services,Full-Time  Anywhere in the World
Product Analyst,Userwise Services,Full-Time  Anywhere in the World
Junior Product Manager,Wave Hq,Full-Time  Anywhere in the World
Product Manager,The Lifetime Value Co.,Full-Time  Anywhere in the World
Head of Product,Prefect,Full-Time  Anywhere in the World
(Senior) Berater Product Lifecycle Management (m/w/d),Industrial Electric Manufacturing,Full-Time  Anywhere in the World
Senior Growth Product Manager,Paxafe,Full-Time  Anywhere in the World
Product Engineer,Kernel Dao,Full-Time  Anywhere in the World
Sales Appointment Setter,The Lifetime Value Co.,Full-Time  Anywhere in the World
High-Paying Hourly Enrollment Specialist,The Lifetime Value Co.,Full-Time  Anywhere in the World
Cold Caller / VertriebsmitarbeiterIn (Freelance Basis),Gypsy Collective,Full-Time  Anywhere in the World
Remote Benefits Representative,Gambit Consulting,Full-Time  Anywhere in the World
Remote Sales Representative,Katkin,Full-Time  Anywhere in the World
DevRel - Content Creator,Knowunity,BoostedFeatured Full-Time  Anywhere in the World
Inside Sales - Account Executive,WALTER,"Featured Full-Time  $50,000 - $74,999 USD  Anywhere in the World"
Sales Jedi,VP Education Group,Featured Contract  Anywhere in the World
Remote Inside Sales,LOTARO,"Featured Full-Time  $50,000 - $74,999 USD  🇨🇦 Canada  🇺🇸 United States of America"
DACH Community Manager (Events),Arias Organization,Featured Full-Time  Anywhere in the World
Senior Engineer - Growth Marketing,Credit Joy,"Featured Full-Time  $100,000 or more USD  Anywhere in the World"
Video Content Strategist / Storyboards,SuperPlane,"Featured Contract  $75,000 - $99,999 USD  Anywhere in the World"
Product Marketing Manager (B2B for life sciences/pharma/biotech),Credit Wellness LLC,Featured Top 100  Full-Time  Anywhere in the World
Ecommerce Lifecycle Manager,Creative Force,"Featured Contract  $25,000 - $48,999 USD  Anywhere in the World"
Head of Marketing,Your Resource Group LLC,Featured Full-Time  🇦🇹 Austria  🇨🇭 Switzerland  🇩🇪 Germany
Senior Product Adoption Strategist (Shopping),Binance,"Featured Full-Time  $100,000 or more USD  Anywhere in the World"
Revenue Operations Manager,Buffer,Featured Full-Time  Anywhere in the World
Lead Manager for Real Estate Investment Company,Spiralyze,Full-Time  Anywhere in the World
Jr Appointment Setter,Viseven,"Full-Time  $75,000 - $99,999 USD  Anywhere in the World"
Senior Product Marketing Manager,North Spore LLC,"Full-Time  $100,000 or more USD  🇺🇸 United States of America"
Account Executive,North Spore LLC,"Full-Time  $100,000 or more USD  Anywhere in the World"
Sales Team Lead,reddit,Full-Time  Anywhere in the World
Growth Engineer,UTTR,"Full-Time  $10,000 - $25,000 USD  Anywhere in the World"
Affiliate Marketing Manager,Campos Property Solutions,Contract  Anywhere in the World
Client Success Advisor,Orchard Brokerage,Full-Time  Anywhere in the World
